{
    "train_r2": 0.9749678699684333,
    "test_r2": 0.9639798264540145,
    "rmse": 20.54331299483124,
    "mae": 8.310903589466085,
    "cv_rmse_mean": 39.79843401115088,
    "cv_rmse_std": 30.10947351699435
}