{
    "train_r2": 0.9954996815604613,
    "test_r2": 0.9858881954851381,
    "rmse": 8.373743546450228,
    "mae": 4.411417444534617,
    "cv_rmse_mean": 8.986642111532129
}