{
    "train_r2": 0.9055718630844137,
    "test_r2": 0.16648561331485567,
    "rmse": 12.581418945221015,
    "mae": 8.738763069358182,
    "cv_rmse_mean": 92.06457522022687,
    "cv_rmse_std": 104.55980341127778
}