{
    "train_r2": 0.9979266046494951,
    "test_r2": 0.967370257721301,
    "rmse": 13.775857679124384,
    "mae": 6.666140958694072,
    "cv_rmse_mean": 7.992276790019086
}