{
    "timestamp_utc": "2025-10-31 09:03:34.823253+00:00",
    "predicted_aqi": 44.559289682539664,
    "actual_aqi": 27.0,
    "difference": 17.56
}