feature,importance
ow_temp,0.05306188803266659
ow_humidity,0.028984358490810422
ow_no2,0.010079140507781307
ow_pressure,0.007806595288072566
ow_pm10,0.007741867387507903
ow_wind_speed,0.005313468269400153
day,0.002811138304294874
ow_wind_deg,0.0018472061225651957
ow_pm2_5,0.0015936178975001342
hour,0.0014159490257485297
ow_clouds,0.0002599918643935059
ow_co,0.0
month,0.0
weekday,0.0
